0,1
Netflix Netflix.com is up. Checked 0 seconds ago.,Facebook Facebook.com is up. Checked 0 seconds ago.
Youtube Youtube.com is up. Checked 0 seconds ago.,Yahoo Mail Mail.yahoo.com is up. Checked 20 mins ago.
Google Google.com is up. Checked 16 mins ago.,Outlook Outlook.com is up. Checked 0 seconds ago.
Steam Community Steamcommunity.com is up. Checked 21 mins ago.,Yahoo Yahoo.com is up. Checked 41 mins ago.
WhatsApp Whatsapp.com is up. Checked 27 mins ago.,Windows Live Hotmail Live.com is up. Checked 57 mins ago.
Instagram Instagr.am is up. Checked 11 mins ago.,Gmail Mail.google.com is up. Checked 10 mins ago.
Dropbox Dropbox.com is up. Checked 9 mins ago.,Battle Net US Battle.net is up. Checked 14 mins ago.
Reddit Reddit.com is up. Checked 7 mins ago.,FanFiction Fanfiction.net is down. Checked 8 mins ago.
Amazon Amazon.com is up. Checked 22 mins ago.,Pinterest Pinterest.com is up. Checked 1 hour 48 mins ago.
Time Warner Cable Timewarnercable.com is up. Checked 14 mins ago.,Twitter Twitter.com is up. Checked 13 mins ago.
Tumblr Tumblr.com is up. Checked 1 hour 58 mins ago.,Xbox Xbox.com is up. Checked 49 mins ago.
AOL Aol.com is up. Checked 1 hour 25 mins ago.,Minecraft Minecraft.net is up. Checked 7 mins ago.
Comcast Comcast.com is up. Checked 49 mins ago.,POF - Plenty of Fish Pof.com is up. Checked 5 mins ago.
Pandora Pandora.com is up. Checked 17 mins ago.,Omegle Omegle.com is up. Checked 9 mins ago.
Paypal Paypal.com is up. Checked 18 mins ago.,Craigslist Craigslist.org is up. Checked 16 mins ago.
AT&T Att.com is up. Checked 19 mins ago.,T-Mobile USA T-mobile.com is up. Checked 20 mins ago.
Google Drive Drive.google.com is up. Checked 2 hours 9 mins ago.,Steam Store Steampowered.com is up. Checked 1 min ago.
Hulu Hulu.com is up. Checked 1 hour 13 mins ago.,League Of Legends NA Leagueoflegends.com is up. Checked 1 hour 36 mins ago.
TwitchTV Twitch.tv is up. Checked 55 mins ago.,Ubisoft Ubi.com is up. Checked 1 hour 16 mins ago.
